week_end_date,Region,case_7d_avg
2021-06-06,Auckland,3
2021-06-13,Auckland,4
2021-06-20,Auckland,1
2021-06-27,Auckland,3
2021-07-04,Auckland,3
2021-07-11,Auckland,2
2021-07-18,Auckland,3
2021-07-25,Auckland,2
2021-08-01,Auckland,2
2021-08-08,Auckland,2
2021-08-15,Auckland,4
2021-08-22,Auckland,20
2021-08-29,Auckland,65
2021-09-05,Auckland,38
2021-09-12,Auckland,22
2021-09-19,Auckland,18
2021-09-26,Auckland,16
2021-10-03,Auckland,24
2021-10-10,Auckland,36
2021-10-17,Auckland,56
2021-10-24,Auckland,91
2021-10-31,Auckland,114
2021-11-07,Auckland,143
2021-11-14,Auckland,162
2021-11-21,Auckland,162
2021-11-28,Auckland,154
2021-12-05,Auckland,97
2021-12-12,Auckland,76
2021-12-19,Auckland,52
2021-12-26,Auckland,37
2022-01-02,Auckland,36
2022-01-09,Auckland,40
2022-01-16,Auckland,39
2022-01-23,Auckland,48
2022-01-30,Auckland,82
2022-02-06,Auckland,139
2022-02-13,Auckland,363
2022-02-20,Auckland,1186
2022-02-27,Auckland,5904
2022-03-06,Auckland,10934
2022-03-13,Auckland,6750
2022-03-20,Auckland,4227
2022-03-27,Auckland,3048
2022-04-03,Auckland,2230
2022-04-10,Auckland,1754
2022-04-17,Auckland,1582
2022-04-24,Auckland,1966
2022-05-01,Auckland,2111
2022-05-08,Auckland,2370
2022-05-15,Auckland,2604
2022-05-22,Auckland,2659
2022-05-29,Auckland,2253
2022-06-05,Auckland,2032
2022-06-12,Auckland,1720
2022-06-19,Auckland,1481
2022-06-26,Auckland,1610
2022-07-03,Auckland,2282
2022-07-10,Auckland,3100
2022-07-17,Auckland,3049
2022-07-24,Auckland,2640
2022-07-31,Auckland,2283
2022-08-07,Auckland,1807
2022-08-14,Auckland,1595
2022-08-21,Auckland,1423
2022-08-28,Auckland,947
2022-09-04,Auckland,737
2022-09-11,Auckland,642
2022-09-18,Auckland,554
2022-09-25,Auckland,527
2022-10-02,Auckland,530
2022-10-09,Auckland,588
2022-10-16,Auckland,748
2022-10-23,Auckland,812
2022-10-30,Auckland,944
2022-11-06,Auckland,947
2022-11-13,Auckland,1056
2022-11-20,Auckland,1196
2022-11-27,Auckland,1463
2022-12-04,Auckland,1751
2022-12-11,Auckland,2054
2022-12-18,Auckland,2149
2022-12-25,Auckland,1627
2023-01-01,Auckland,1040
2023-01-08,Auckland,966
2023-01-15,Auckland,839
2023-01-22,Auckland,600
2023-01-29,Auckland,440
2023-02-05,Auckland,315
2023-02-12,Auckland,246
2023-02-19,Auckland,260
2023-02-26,Auckland,277
2023-03-05,Auckland,385
2023-03-12,Auckland,448
2023-03-19,Auckland,450
2023-03-26,Auckland,432
2023-04-02,Auckland,448
2023-04-09,Auckland,426
2023-04-16,Auckland,466
2023-04-23,Auckland,452
2023-04-30,Auckland,403
2023-05-07,Auckland,462
2023-05-14,Auckland,430
2023-05-21,Auckland,526
2023-05-28,Auckland,551
2023-06-04,Auckland,477
2023-06-11,Auckland,392
2023-06-18,Auckland,354
2023-06-25,Auckland,314
2023-07-02,Auckland,246
2023-07-09,Auckland,201
2023-07-16,Auckland,154
2023-07-23,Auckland,140
2023-07-30,Auckland,140
2023-08-06,Auckland,174
2023-08-13,Auckland,201
2023-08-20,Auckland,156
2023-08-27,Auckland,136
2023-09-03,Auckland,145
2023-09-10,Auckland,134
2023-09-17,Auckland,123
2023-09-24,Auckland,126
2023-10-01,Auckland,133
2023-10-08,Auckland,157
2023-10-15,Auckland,177
2023-10-22,Auckland,201
2023-10-29,Auckland,210
2023-11-05,Auckland,277
2023-11-12,Auckland,298
2023-11-19,Auckland,420
2023-11-26,Auckland,384
2023-12-03,Auckland,378
2023-12-10,Auckland,389
2023-12-17,Auckland,390
2023-12-24,Auckland,406
2023-12-31,Auckland,309
2024-01-07,Auckland,320
2024-01-14,Auckland,380
2024-01-21,Auckland,341
2024-01-28,Auckland,291
2024-02-04,Auckland,259
2024-02-11,Auckland,270
2024-02-18,Auckland,280
2024-02-25,Auckland,269
2024-03-03,Auckland,236
2024-03-10,Auckland,197
2024-03-17,Auckland,181
2021-06-06,Bay of Plenty,0
2021-06-13,Bay of Plenty,0
2021-06-20,Bay of Plenty,0
2021-06-27,Bay of Plenty,0
2021-07-04,Bay of Plenty,0
2021-07-11,Bay of Plenty,0
2021-07-18,Bay of Plenty,0
2021-07-25,Bay of Plenty,0
2021-08-01,Bay of Plenty,0
2021-08-08,Bay of Plenty,11
2021-08-15,Bay of Plenty,0
2021-08-22,Bay of Plenty,0
2021-08-29,Bay of Plenty,0
2021-09-05,Bay of Plenty,0
2021-09-12,Bay of Plenty,0
2021-09-19,Bay of Plenty,0
2021-09-26,Bay of Plenty,0
2021-10-03,Bay of Plenty,0
2021-10-10,Bay of Plenty,0
2021-10-17,Bay of Plenty,1
2021-10-24,Bay of Plenty,0
2021-10-31,Bay of Plenty,2
2021-11-07,Bay of Plenty,1
2021-11-14,Bay of Plenty,1
2021-11-21,Bay of Plenty,4
2021-11-28,Bay of Plenty,6
2021-12-05,Bay of Plenty,6
2021-12-12,Bay of Plenty,5
2021-12-19,Bay of Plenty,9
2021-12-26,Bay of Plenty,10
2022-01-02,Bay of Plenty,11
2022-01-09,Bay of Plenty,12
2022-01-16,Bay of Plenty,8
2022-01-23,Bay of Plenty,14
2022-01-30,Bay of Plenty,15
2022-02-06,Bay of Plenty,15
2022-02-13,Bay of Plenty,18
2022-02-20,Bay of Plenty,51
2022-02-27,Bay of Plenty,557
2022-03-06,Bay of Plenty,1550
2022-03-13,Bay of Plenty,1677
2022-03-20,Bay of Plenty,1423
2022-03-27,Bay of Plenty,1221
2022-04-03,Bay of Plenty,943
2022-04-10,Bay of Plenty,627
2022-04-17,Bay of Plenty,469
2022-04-24,Bay of Plenty,469
2022-05-01,Bay of Plenty,369
2022-05-08,Bay of Plenty,320
2022-05-15,Bay of Plenty,335
2022-05-22,Bay of Plenty,343
2022-05-29,Bay of Plenty,278
2022-06-05,Bay of Plenty,255
2022-06-12,Bay of Plenty,263
2022-06-19,Bay of Plenty,227
2022-06-26,Bay of Plenty,222
2022-07-03,Bay of Plenty,340
2022-07-10,Bay of Plenty,492
2022-07-17,Bay of Plenty,567
2022-07-24,Bay of Plenty,491
2022-07-31,Bay of Plenty,411
2022-08-07,Bay of Plenty,323
2022-08-14,Bay of Plenty,255
2022-08-21,Bay of Plenty,218
2022-08-28,Bay of Plenty,131
2022-09-04,Bay of Plenty,91
2022-09-11,Bay of Plenty,86
2022-09-18,Bay of Plenty,78
2022-09-25,Bay of Plenty,76
2022-10-02,Bay of Plenty,81
2022-10-09,Bay of Plenty,82
2022-10-16,Bay of Plenty,90
2022-10-23,Bay of Plenty,100
2022-10-30,Bay of Plenty,124
2022-11-06,Bay of Plenty,119
2022-11-13,Bay of Plenty,125
2022-11-20,Bay of Plenty,154
2022-11-27,Bay of Plenty,175
2022-12-04,Bay of Plenty,238
2022-12-11,Bay of Plenty,299
2022-12-18,Bay of Plenty,370
2022-12-25,Bay of Plenty,260
2023-01-01,Bay of Plenty,176
2023-01-08,Bay of Plenty,179
2023-01-15,Bay of Plenty,194
2023-01-22,Bay of Plenty,136
2023-01-29,Bay of Plenty,89
2023-02-05,Bay of Plenty,81
2023-02-12,Bay of Plenty,77
2023-02-19,Bay of Plenty,71
2023-02-26,Bay of Plenty,62
2023-03-05,Bay of Plenty,79
2023-03-12,Bay of Plenty,79
2023-03-19,Bay of Plenty,79
2023-03-26,Bay of Plenty,85
2023-04-02,Bay of Plenty,85
2023-04-09,Bay of Plenty,91
2023-04-16,Bay of Plenty,106
2023-04-23,Bay of Plenty,112
2023-04-30,Bay of Plenty,107
2023-05-07,Bay of Plenty,120
2023-05-14,Bay of Plenty,99
2023-05-21,Bay of Plenty,112
2023-05-28,Bay of Plenty,114
2023-06-04,Bay of Plenty,100
2023-06-11,Bay of Plenty,71
2023-06-18,Bay of Plenty,71
2023-06-25,Bay of Plenty,68
2023-07-02,Bay of Plenty,57
2023-07-09,Bay of Plenty,58
2023-07-16,Bay of Plenty,40
2023-07-23,Bay of Plenty,28
2023-07-30,Bay of Plenty,28
2023-08-06,Bay of Plenty,30
2023-08-13,Bay of Plenty,42
2023-08-20,Bay of Plenty,25
2023-08-27,Bay of Plenty,22
2023-09-03,Bay of Plenty,25
2023-09-10,Bay of Plenty,22
2023-09-17,Bay of Plenty,20
2023-09-24,Bay of Plenty,19
2023-10-01,Bay of Plenty,18
2023-10-08,Bay of Plenty,23
2023-10-15,Bay of Plenty,25
2023-10-22,Bay of Plenty,24
2023-10-29,Bay of Plenty,19
2023-11-05,Bay of Plenty,22
2023-11-12,Bay of Plenty,24
2023-11-19,Bay of Plenty,37
2023-11-26,Bay of Plenty,33
2023-12-03,Bay of Plenty,29
2023-12-10,Bay of Plenty,33
2023-12-17,Bay of Plenty,41
2023-12-24,Bay of Plenty,39
2023-12-31,Bay of Plenty,32
2024-01-07,Bay of Plenty,43
2024-01-14,Bay of Plenty,56
2024-01-21,Bay of Plenty,50
2024-01-28,Bay of Plenty,38
2024-02-04,Bay of Plenty,33
2024-02-11,Bay of Plenty,36
2024-02-18,Bay of Plenty,49
2024-02-25,Bay of Plenty,37
2024-03-03,Bay of Plenty,32
2024-03-10,Bay of Plenty,29
2024-03-17,Bay of Plenty,32
2021-06-06,Canterbury,1
2021-06-13,Canterbury,1
2021-06-20,Canterbury,1
2021-06-27,Canterbury,1
2021-07-04,Canterbury,1
2021-07-11,Canterbury,0
2021-07-18,Canterbury,16
2021-07-25,Canterbury,2
2021-08-01,Canterbury,2
2021-08-08,Canterbury,2
2021-08-15,Canterbury,1
2021-08-22,Canterbury,1
2021-08-29,Canterbury,1
2021-09-05,Canterbury,0
2021-09-12,Canterbury,2
2021-09-19,Canterbury,1
2021-09-26,Canterbury,1
2021-10-03,Canterbury,0
2021-10-10,Canterbury,1
2021-10-17,Canterbury,2
2021-10-24,Canterbury,2
2021-10-31,Canterbury,3
2021-11-07,Canterbury,0
2021-11-14,Canterbury,1
2021-11-21,Canterbury,1
2021-11-28,Canterbury,3
2021-12-05,Canterbury,2
2021-12-12,Canterbury,2
2021-12-19,Canterbury,2
2021-12-26,Canterbury,2
2022-01-02,Canterbury,3
2022-01-09,Canterbury,3
2022-01-16,Canterbury,5
2022-01-23,Canterbury,5
2022-01-30,Canterbury,8
2022-02-06,Canterbury,15
2022-02-13,Canterbury,10
2022-02-20,Canterbury,48
2022-02-27,Canterbury,476
2022-03-06,Canterbury,1148
2022-03-13,Canterbury,2058
2022-03-20,Canterbury,2481
2022-03-27,Canterbury,2940
2022-04-03,Canterbury,2351
2022-04-10,Canterbury,1838
2022-04-17,Canterbury,1515
2022-04-24,Canterbury,1589
2022-05-01,Canterbury,1438
2022-05-08,Canterbury,1343
2022-05-15,Canterbury,1262
2022-05-22,Canterbury,1218
2022-05-29,Canterbury,1161
2022-06-05,Canterbury,1136
2022-06-12,Canterbury,961
2022-06-19,Canterbury,780
2022-06-26,Canterbury,916
2022-07-03,Canterbury,1186
2022-07-10,Canterbury,1488
2022-07-17,Canterbury,1551
2022-07-24,Canterbury,1373
2022-07-31,Canterbury,1052
2022-08-07,Canterbury,778
2022-08-14,Canterbury,559
2022-08-21,Canterbury,445
2022-08-28,Canterbury,311
2022-09-04,Canterbury,233
2022-09-11,Canterbury,198
2022-09-18,Canterbury,150
2022-09-25,Canterbury,154
2022-10-02,Canterbury,190
2022-10-09,Canterbury,215
2022-10-16,Canterbury,250
2022-10-23,Canterbury,279
2022-10-30,Canterbury,381
2022-11-06,Canterbury,372
2022-11-13,Canterbury,371
2022-11-20,Canterbury,427
2022-11-27,Canterbury,470
2022-12-04,Canterbury,630
2022-12-11,Canterbury,773
2022-12-18,Canterbury,751
2022-12-25,Canterbury,512
2023-01-01,Canterbury,404
2023-01-08,Canterbury,402
2023-01-15,Canterbury,339
2023-01-22,Canterbury,229
2023-01-29,Canterbury,180
2023-02-05,Canterbury,182
2023-02-12,Canterbury,173
2023-02-19,Canterbury,203
2023-02-26,Canterbury,229
2023-03-05,Canterbury,356
2023-03-12,Canterbury,311
2023-03-19,Canterbury,304
2023-03-26,Canterbury,299
2023-04-02,Canterbury,344
2023-04-09,Canterbury,334
2023-04-16,Canterbury,418
2023-04-23,Canterbury,345
2023-04-30,Canterbury,292
2023-05-07,Canterbury,285
2023-05-14,Canterbury,278
2023-05-21,Canterbury,308
2023-05-28,Canterbury,352
2023-06-04,Canterbury,272
2023-06-11,Canterbury,225
2023-06-18,Canterbury,188
2023-06-25,Canterbury,146
2023-07-02,Canterbury,140
2023-07-09,Canterbury,122
2023-07-16,Canterbury,98
2023-07-23,Canterbury,95
2023-07-30,Canterbury,85
2023-08-06,Canterbury,123
2023-08-13,Canterbury,127
2023-08-20,Canterbury,96
2023-08-27,Canterbury,82
2023-09-03,Canterbury,89
2023-09-10,Canterbury,77
2023-09-17,Canterbury,64
2023-09-24,Canterbury,66
2023-10-01,Canterbury,70
2023-10-08,Canterbury,74
2023-10-15,Canterbury,79
2023-10-22,Canterbury,74
2023-10-29,Canterbury,80
2023-11-05,Canterbury,106
2023-11-12,Canterbury,105
2023-11-19,Canterbury,129
2023-11-26,Canterbury,123
2023-12-03,Canterbury,134
2023-12-10,Canterbury,146
2023-12-17,Canterbury,157
2023-12-24,Canterbury,142
2023-12-31,Canterbury,114
2024-01-07,Canterbury,114
2024-01-14,Canterbury,132
2024-01-21,Canterbury,127
2024-01-28,Canterbury,105
2024-02-04,Canterbury,104
2024-02-11,Canterbury,110
2024-02-18,Canterbury,121
2024-02-25,Canterbury,124
2024-03-03,Canterbury,122
2024-03-10,Canterbury,109
2024-03-17,Canterbury,101
2021-06-06,Gisborne,0
2021-06-13,Gisborne,0
2021-06-20,Gisborne,0
2021-06-27,Gisborne,0
2021-07-04,Gisborne,0
2021-07-11,Gisborne,0
2021-07-18,Gisborne,0
2021-07-25,Gisborne,0
2021-08-01,Gisborne,0
2021-08-08,Gisborne,0
2021-08-15,Gisborne,0
2021-08-22,Gisborne,0
2021-08-29,Gisborne,0
2021-09-05,Gisborne,0
2021-09-12,Gisborne,0
2021-09-19,Gisborne,0
2021-09-26,Gisborne,0
2021-10-03,Gisborne,0
2021-10-10,Gisborne,0
2021-10-17,Gisborne,0
2021-10-24,Gisborne,0
2021-10-31,Gisborne,0
2021-11-07,Gisborne,0
2021-11-14,Gisborne,0
2021-11-21,Gisborne,0
2021-11-28,Gisborne,0
2021-12-05,Gisborne,0
2021-12-12,Gisborne,0
2021-12-19,Gisborne,0
2021-12-26,Gisborne,2
2022-01-02,Gisborne,1
2022-01-09,Gisborne,0
2022-01-16,Gisborne,0
2022-01-23,Gisborne,0
2022-01-30,Gisborne,2
2022-02-06,Gisborne,2
2022-02-13,Gisborne,4
2022-02-20,Gisborne,9
2022-02-27,Gisborne,42
2022-03-06,Gisborne,152
2022-03-13,Gisborne,335
2022-03-20,Gisborne,325
2022-03-27,Gisborne,252
2022-04-03,Gisborne,164
2022-04-10,Gisborne,113
2022-04-17,Gisborne,67
2022-04-24,Gisborne,79
2022-05-01,Gisborne,89
2022-05-08,Gisborne,61
2022-05-15,Gisborne,67
2022-05-22,Gisborne,60
2022-05-29,Gisborne,39
2022-06-05,Gisborne,37
2022-06-12,Gisborne,29
2022-06-19,Gisborne,35
2022-06-26,Gisborne,40
2022-07-03,Gisborne,59
2022-07-10,Gisborne,77
2022-07-17,Gisborne,72
2022-07-24,Gisborne,58
2022-07-31,Gisborne,52
2022-08-07,Gisborne,42
2022-08-14,Gisborne,34
2022-08-21,Gisborne,37
2022-08-28,Gisborne,27
2022-09-04,Gisborne,26
2022-09-11,Gisborne,18
2022-09-18,Gisborne,15
2022-09-25,Gisborne,16
2022-10-02,Gisborne,13
2022-10-09,Gisborne,15
2022-10-16,Gisborne,15
2022-10-23,Gisborne,25
2022-10-30,Gisborne,29
2022-11-06,Gisborne,35
2022-11-13,Gisborne,31
2022-11-20,Gisborne,33
2022-11-27,Gisborne,22
2022-12-04,Gisborne,35
2022-12-11,Gisborne,38
2022-12-18,Gisborne,55
2022-12-25,Gisborne,37
2023-01-01,Gisborne,36
2023-01-08,Gisborne,74
2023-01-15,Gisborne,61
2023-01-22,Gisborne,45
2023-01-29,Gisborne,29
2023-02-05,Gisborne,18
2023-02-12,Gisborne,20
2023-02-19,Gisborne,8
2023-02-26,Gisborne,10
2023-03-05,Gisborne,8
2023-03-12,Gisborne,10
2023-03-19,Gisborne,12
2023-03-26,Gisborne,11
2023-04-02,Gisborne,15
2023-04-09,Gisborne,18
2023-04-16,Gisborne,17
2023-04-23,Gisborne,16
2023-04-30,Gisborne,12
2023-05-07,Gisborne,14
2023-05-14,Gisborne,19
2023-05-21,Gisborne,13
2023-05-28,Gisborne,11
2023-06-04,Gisborne,13
2023-06-11,Gisborne,13
2023-06-18,Gisborne,9
2023-06-25,Gisborne,10
2023-07-02,Gisborne,11
2023-07-09,Gisborne,10
2023-07-16,Gisborne,6
2023-07-23,Gisborne,7
2023-07-30,Gisborne,12
2023-08-06,Gisborne,22
2023-08-13,Gisborne,20
2023-08-20,Gisborne,13
2023-08-27,Gisborne,10
2023-09-03,Gisborne,6
2023-09-10,Gisborne,6
2023-09-17,Gisborne,4
2023-09-24,Gisborne,3
2023-10-01,Gisborne,3
2023-10-08,Gisborne,3
2023-10-15,Gisborne,3
2023-10-22,Gisborne,3
2023-10-29,Gisborne,5
2023-11-05,Gisborne,5
2023-11-12,Gisborne,10
2023-11-19,Gisborne,15
2023-11-26,Gisborne,10
2023-12-03,Gisborne,6
2023-12-10,Gisborne,7
2023-12-17,Gisborne,5
2023-12-24,Gisborne,5
2023-12-31,Gisborne,5
2024-01-07,Gisborne,10
2024-01-14,Gisborne,14
2024-01-21,Gisborne,12
2024-01-28,Gisborne,9
2024-02-04,Gisborne,10
2024-02-11,Gisborne,11
2024-02-18,Gisborne,12
2024-02-25,Gisborne,11
2024-03-03,Gisborne,6
2024-03-10,Gisborne,5
2024-03-17,Gisborne,8
2021-06-06,Hawke's Bay,0
2021-06-13,Hawke's Bay,0
2021-06-20,Hawke's Bay,0
2021-06-27,Hawke's Bay,0
2021-07-04,Hawke's Bay,0
2021-07-11,Hawke's Bay,0
2021-07-18,Hawke's Bay,0
2021-07-25,Hawke's Bay,0
2021-08-01,Hawke's Bay,0
2021-08-08,Hawke's Bay,0
2021-08-15,Hawke's Bay,0
2021-08-22,Hawke's Bay,0
2021-08-29,Hawke's Bay,0
2021-09-05,Hawke's Bay,0
2021-09-12,Hawke's Bay,0
2021-09-19,Hawke's Bay,0
2021-09-26,Hawke's Bay,0
2021-10-03,Hawke's Bay,0
2021-10-10,Hawke's Bay,0
2021-10-17,Hawke's Bay,0
2021-10-24,Hawke's Bay,0
2021-10-31,Hawke's Bay,0
2021-11-07,Hawke's Bay,0
2021-11-14,Hawke's Bay,0
2021-11-21,Hawke's Bay,0
2021-11-28,Hawke's Bay,1
2021-12-05,Hawke's Bay,2
2021-12-12,Hawke's Bay,0
2021-12-19,Hawke's Bay,0
2021-12-26,Hawke's Bay,0
2022-01-02,Hawke's Bay,1
2022-01-09,Hawke's Bay,2
2022-01-16,Hawke's Bay,2
2022-01-23,Hawke's Bay,3
2022-01-30,Hawke's Bay,4
2022-02-06,Hawke's Bay,4
2022-02-13,Hawke's Bay,4
2022-02-20,Hawke's Bay,14
2022-02-27,Hawke's Bay,75
2022-03-06,Hawke's Bay,304
2022-03-13,Hawke's Bay,695
2022-03-20,Hawke's Bay,937
2022-03-27,Hawke's Bay,872
2022-04-03,Hawke's Bay,699
2022-04-10,Hawke's Bay,438
2022-04-17,Hawke's Bay,280
2022-04-24,Hawke's Bay,277
2022-05-01,Hawke's Bay,219
2022-05-08,Hawke's Bay,225
2022-05-15,Hawke's Bay,233
2022-05-22,Hawke's Bay,255
2022-05-29,Hawke's Bay,182
2022-06-05,Hawke's Bay,184
2022-06-12,Hawke's Bay,171
2022-06-19,Hawke's Bay,138
2022-06-26,Hawke's Bay,149
2022-07-03,Hawke's Bay,254
2022-07-10,Hawke's Bay,400
2022-07-17,Hawke's Bay,453
2022-07-24,Hawke's Bay,341
2022-07-31,Hawke's Bay,237
2022-08-07,Hawke's Bay,160
2022-08-14,Hawke's Bay,117
2022-08-21,Hawke's Bay,95
2022-08-28,Hawke's Bay,58
2022-09-04,Hawke's Bay,43
2022-09-11,Hawke's Bay,32
2022-09-18,Hawke's Bay,27
2022-09-25,Hawke's Bay,27
2022-10-02,Hawke's Bay,24
2022-10-09,Hawke's Bay,29
2022-10-16,Hawke's Bay,43
2022-10-23,Hawke's Bay,59
2022-10-30,Hawke's Bay,79
2022-11-06,Hawke's Bay,66
2022-11-13,Hawke's Bay,72
2022-11-20,Hawke's Bay,90
2022-11-27,Hawke's Bay,113
2022-12-04,Hawke's Bay,133
2022-12-11,Hawke's Bay,151
2022-12-18,Hawke's Bay,177
2022-12-25,Hawke's Bay,145
2023-01-01,Hawke's Bay,130
2023-01-08,Hawke's Bay,123
2023-01-15,Hawke's Bay,107
2023-01-22,Hawke's Bay,90
2023-01-29,Hawke's Bay,81
2023-02-05,Hawke's Bay,64
2023-02-12,Hawke's Bay,64
2023-02-19,Hawke's Bay,41
2023-02-26,Hawke's Bay,62
2023-03-05,Hawke's Bay,48
2023-03-12,Hawke's Bay,48
2023-03-19,Hawke's Bay,40
2023-03-26,Hawke's Bay,50
2023-04-02,Hawke's Bay,40
2023-04-09,Hawke's Bay,40
2023-04-16,Hawke's Bay,51
2023-04-23,Hawke's Bay,47
2023-04-30,Hawke's Bay,40
2023-05-07,Hawke's Bay,48
2023-05-14,Hawke's Bay,44
2023-05-21,Hawke's Bay,31
2023-05-28,Hawke's Bay,37
2023-06-04,Hawke's Bay,39
2023-06-11,Hawke's Bay,38
2023-06-18,Hawke's Bay,32
2023-06-25,Hawke's Bay,36
2023-07-02,Hawke's Bay,25
2023-07-09,Hawke's Bay,20
2023-07-16,Hawke's Bay,26
2023-07-23,Hawke's Bay,14
2023-07-30,Hawke's Bay,16
2023-08-06,Hawke's Bay,25
2023-08-13,Hawke's Bay,36
2023-08-20,Hawke's Bay,17
2023-08-27,Hawke's Bay,25
2023-09-03,Hawke's Bay,21
2023-09-10,Hawke's Bay,22
2023-09-17,Hawke's Bay,16
2023-09-24,Hawke's Bay,15
2023-10-01,Hawke's Bay,14
2023-10-08,Hawke's Bay,16
2023-10-15,Hawke's Bay,22
2023-10-22,Hawke's Bay,18
2023-10-29,Hawke's Bay,15
2023-11-05,Hawke's Bay,16
2023-11-12,Hawke's Bay,15
2023-11-19,Hawke's Bay,25
2023-11-26,Hawke's Bay,19
2023-12-03,Hawke's Bay,12
2023-12-10,Hawke's Bay,16
2023-12-17,Hawke's Bay,16
2023-12-24,Hawke's Bay,13
2023-12-31,Hawke's Bay,16
2024-01-07,Hawke's Bay,15
2024-01-14,Hawke's Bay,26
2024-01-21,Hawke's Bay,25
2024-01-28,Hawke's Bay,19
2024-02-04,Hawke's Bay,27
2024-02-11,Hawke's Bay,39
2024-02-18,Hawke's Bay,34
2024-02-25,Hawke's Bay,26
2024-03-03,Hawke's Bay,22
2024-03-10,Hawke's Bay,15
2024-03-17,Hawke's Bay,19
2021-06-06,Marlborough,0
2021-06-13,Marlborough,0
2021-06-20,Marlborough,0
2021-06-27,Marlborough,0
2021-07-04,Marlborough,0
2021-07-11,Marlborough,0
2021-07-18,Marlborough,0
2021-07-25,Marlborough,0
2021-08-01,Marlborough,0
2021-08-08,Marlborough,0
2021-08-15,Marlborough,0
2021-08-22,Marlborough,0
2021-08-29,Marlborough,0
2021-09-05,Marlborough,0
2021-09-12,Marlborough,0
2021-09-19,Marlborough,0
2021-09-26,Marlborough,0
2021-10-03,Marlborough,0
2021-10-10,Marlborough,0
2021-10-17,Marlborough,0
2021-10-24,Marlborough,1
2021-10-31,Marlborough,0
2021-11-07,Marlborough,0
2021-11-14,Marlborough,0
2021-11-21,Marlborough,0
2021-11-28,Marlborough,0
2021-12-05,Marlborough,0
2021-12-12,Marlborough,0
2021-12-19,Marlborough,0
2021-12-26,Marlborough,0
2022-01-02,Marlborough,0
2022-01-09,Marlborough,0
2022-01-16,Marlborough,0
2022-01-23,Marlborough,0
2022-01-30,Marlborough,0
2022-02-06,Marlborough,3
2022-02-13,Marlborough,0
2022-02-20,Marlborough,8
2022-02-27,Marlborough,11
2022-03-06,Marlborough,32
2022-03-13,Marlborough,55
2022-03-20,Marlborough,105
2022-03-27,Marlborough,176
2022-04-03,Marlborough,163
2022-04-10,Marlborough,118
2022-04-17,Marlborough,35
2022-04-24,Marlborough,25
2022-05-01,Marlborough,21
2022-05-08,Marlborough,19
2022-05-15,Marlborough,26
2022-05-22,Marlborough,55
2022-05-29,Marlborough,54
2022-06-05,Marlborough,46
2022-06-12,Marlborough,41
2022-06-19,Marlborough,28
2022-06-26,Marlborough,36
2022-07-03,Marlborough,47
2022-07-10,Marlborough,62
2022-07-17,Marlborough,64
2022-07-24,Marlborough,68
2022-07-31,Marlborough,49
2022-08-07,Marlborough,44
2022-08-14,Marlborough,34
2022-08-21,Marlborough,22
2022-08-28,Marlborough,15
2022-09-04,Marlborough,11
2022-09-11,Marlborough,13
2022-09-18,Marlborough,7
2022-09-25,Marlborough,7
2022-10-02,Marlborough,12
2022-10-09,Marlborough,14
2022-10-16,Marlborough,9
2022-10-23,Marlborough,10
2022-10-30,Marlborough,22
2022-11-06,Marlborough,16
2022-11-13,Marlborough,20
2022-11-20,Marlborough,26
2022-11-27,Marlborough,31
2022-12-04,Marlborough,38
2022-12-11,Marlborough,47
2022-12-18,Marlborough,40
2022-12-25,Marlborough,20
2023-01-01,Marlborough,20
2023-01-08,Marlborough,18
2023-01-15,Marlborough,19
2023-01-22,Marlborough,10
2023-01-29,Marlborough,8
2023-02-05,Marlborough,8
2023-02-12,Marlborough,7
2023-02-19,Marlborough,8
2023-02-26,Marlborough,11
2023-03-05,Marlborough,11
2023-03-12,Marlborough,13
2023-03-19,Marlborough,10
2023-03-26,Marlborough,11
2023-04-02,Marlborough,13
2023-04-09,Marlborough,13
2023-04-16,Marlborough,19
2023-04-23,Marlborough,20
2023-04-30,Marlborough,20
2023-05-07,Marlborough,19
2023-05-14,Marlborough,20
2023-05-21,Marlborough,18
2023-05-28,Marlborough,14
2023-06-04,Marlborough,8
2023-06-11,Marlborough,9
2023-06-18,Marlborough,8
2023-06-25,Marlborough,8
2023-07-02,Marlborough,7
2023-07-09,Marlborough,6
2023-07-16,Marlborough,3
2023-07-23,Marlborough,6
2023-07-30,Marlborough,6
2023-08-06,Marlborough,4
2023-08-13,Marlborough,4
2023-08-20,Marlborough,2
2023-08-27,Marlborough,2
2023-09-03,Marlborough,5
2023-09-10,Marlborough,4
2023-09-17,Marlborough,3
2023-09-24,Marlborough,3
2023-10-01,Marlborough,2
2023-10-08,Marlborough,3
2023-10-15,Marlborough,3
2023-10-22,Marlborough,4
2023-10-29,Marlborough,5
2023-11-05,Marlborough,4
2023-11-12,Marlborough,4
2023-11-19,Marlborough,5
2023-11-26,Marlborough,6
2023-12-03,Marlborough,4
2023-12-10,Marlborough,4
2023-12-17,Marlborough,6
2023-12-24,Marlborough,5
2023-12-31,Marlborough,4
2024-01-07,Marlborough,6
2024-01-14,Marlborough,6
2024-01-21,Marlborough,6
2024-01-28,Marlborough,8
2024-02-04,Marlborough,9
2024-02-11,Marlborough,6
2024-02-18,Marlborough,10
2024-02-25,Marlborough,9
2024-03-03,Marlborough,7
2024-03-10,Marlborough,4
2024-03-17,Marlborough,4
2021-06-06,Manawatu-Whanganui,0
2021-06-13,Manawatu-Whanganui,0
2021-06-20,Manawatu-Whanganui,0
2021-06-27,Manawatu-Whanganui,0
2021-07-04,Manawatu-Whanganui,0
2021-07-11,Manawatu-Whanganui,0
2021-07-18,Manawatu-Whanganui,0
2021-07-25,Manawatu-Whanganui,0
2021-08-01,Manawatu-Whanganui,0
2021-08-08,Manawatu-Whanganui,0
2021-08-15,Manawatu-Whanganui,0
2021-08-22,Manawatu-Whanganui,0
2021-08-29,Manawatu-Whanganui,0
2021-09-05,Manawatu-Whanganui,0
2021-09-12,Manawatu-Whanganui,0
2021-09-19,Manawatu-Whanganui,0
2021-09-26,Manawatu-Whanganui,0
2021-10-03,Manawatu-Whanganui,0
2021-10-10,Manawatu-Whanganui,0
2021-10-17,Manawatu-Whanganui,0
2021-10-24,Manawatu-Whanganui,0
2021-10-31,Manawatu-Whanganui,0
2021-11-07,Manawatu-Whanganui,0
2021-11-14,Manawatu-Whanganui,2
2021-11-21,Manawatu-Whanganui,1
2021-11-28,Manawatu-Whanganui,1
2021-12-05,Manawatu-Whanganui,1
2021-12-12,Manawatu-Whanganui,1
2021-12-19,Manawatu-Whanganui,1
2021-12-26,Manawatu-Whanganui,1
2022-01-02,Manawatu-Whanganui,0
2022-01-09,Manawatu-Whanganui,0
2022-01-16,Manawatu-Whanganui,0
2022-01-23,Manawatu-Whanganui,1
2022-01-30,Manawatu-Whanganui,1
2022-02-06,Manawatu-Whanganui,2
2022-02-13,Manawatu-Whanganui,5
2022-02-20,Manawatu-Whanganui,13
2022-02-27,Manawatu-Whanganui,118
2022-03-06,Manawatu-Whanganui,424
2022-03-13,Manawatu-Whanganui,761
2022-03-20,Manawatu-Whanganui,965
2022-03-27,Manawatu-Whanganui,1105
2022-04-03,Manawatu-Whanganui,1041
2022-04-10,Manawatu-Whanganui,770
2022-04-17,Manawatu-Whanganui,504
2022-04-24,Manawatu-Whanganui,452
2022-05-01,Manawatu-Whanganui,367
2022-05-08,Manawatu-Whanganui,369
2022-05-15,Manawatu-Whanganui,335
2022-05-22,Manawatu-Whanganui,346
2022-05-29,Manawatu-Whanganui,285
2022-06-05,Manawatu-Whanganui,313
2022-06-12,Manawatu-Whanganui,321
2022-06-19,Manawatu-Whanganui,225
2022-06-26,Manawatu-Whanganui,198
2022-07-03,Manawatu-Whanganui,285
2022-07-10,Manawatu-Whanganui,459
2022-07-17,Manawatu-Whanganui,547
2022-07-24,Manawatu-Whanganui,483
2022-07-31,Manawatu-Whanganui,398
2022-08-07,Manawatu-Whanganui,251
2022-08-14,Manawatu-Whanganui,217
2022-08-21,Manawatu-Whanganui,179
2022-08-28,Manawatu-Whanganui,113
2022-09-04,Manawatu-Whanganui,90
2022-09-11,Manawatu-Whanganui,76
2022-09-18,Manawatu-Whanganui,61
2022-09-25,Manawatu-Whanganui,70
2022-10-02,Manawatu-Whanganui,65
2022-10-09,Manawatu-Whanganui,71
2022-10-16,Manawatu-Whanganui,92
2022-10-23,Manawatu-Whanganui,119
2022-10-30,Manawatu-Whanganui,192
2022-11-06,Manawatu-Whanganui,186
2022-11-13,Manawatu-Whanganui,167
2022-11-20,Manawatu-Whanganui,177
2022-11-27,Manawatu-Whanganui,177
2022-12-04,Manawatu-Whanganui,254
2022-12-11,Manawatu-Whanganui,306
2022-12-18,Manawatu-Whanganui,322
2022-12-25,Manawatu-Whanganui,220
2023-01-01,Manawatu-Whanganui,176
2023-01-08,Manawatu-Whanganui,153
2023-01-15,Manawatu-Whanganui,143
2023-01-22,Manawatu-Whanganui,113
2023-01-29,Manawatu-Whanganui,95
2023-02-05,Manawatu-Whanganui,78
2023-02-12,Manawatu-Whanganui,84
2023-02-19,Manawatu-Whanganui,81
2023-02-26,Manawatu-Whanganui,80
2023-03-05,Manawatu-Whanganui,85
2023-03-12,Manawatu-Whanganui,84
2023-03-19,Manawatu-Whanganui,72
2023-03-26,Manawatu-Whanganui,67
2023-04-02,Manawatu-Whanganui,79
2023-04-09,Manawatu-Whanganui,76
2023-04-16,Manawatu-Whanganui,100
2023-04-23,Manawatu-Whanganui,82
2023-04-30,Manawatu-Whanganui,80
2023-05-07,Manawatu-Whanganui,121
2023-05-14,Manawatu-Whanganui,136
2023-05-21,Manawatu-Whanganui,133
2023-05-28,Manawatu-Whanganui,110
2023-06-04,Manawatu-Whanganui,89
2023-06-11,Manawatu-Whanganui,68
2023-06-18,Manawatu-Whanganui,63
2023-06-25,Manawatu-Whanganui,59
2023-07-02,Manawatu-Whanganui,47
2023-07-09,Manawatu-Whanganui,35
2023-07-16,Manawatu-Whanganui,28
2023-07-23,Manawatu-Whanganui,31
2023-07-30,Manawatu-Whanganui,24
2023-08-06,Manawatu-Whanganui,31
2023-08-13,Manawatu-Whanganui,31
2023-08-20,Manawatu-Whanganui,22
2023-08-27,Manawatu-Whanganui,24
2023-09-03,Manawatu-Whanganui,22
2023-09-10,Manawatu-Whanganui,40
2023-09-17,Manawatu-Whanganui,37
2023-09-24,Manawatu-Whanganui,31
2023-10-01,Manawatu-Whanganui,26
2023-10-08,Manawatu-Whanganui,28
2023-10-15,Manawatu-Whanganui,33
2023-10-22,Manawatu-Whanganui,37
2023-10-29,Manawatu-Whanganui,40
2023-11-05,Manawatu-Whanganui,42
2023-11-12,Manawatu-Whanganui,45
2023-11-19,Manawatu-Whanganui,59
2023-11-26,Manawatu-Whanganui,40
2023-12-03,Manawatu-Whanganui,44
2023-12-10,Manawatu-Whanganui,38
2023-12-17,Manawatu-Whanganui,37
2023-12-24,Manawatu-Whanganui,36
2023-12-31,Manawatu-Whanganui,29
2024-01-07,Manawatu-Whanganui,33
2024-01-14,Manawatu-Whanganui,44
2024-01-21,Manawatu-Whanganui,44
2024-01-28,Manawatu-Whanganui,33
2024-02-04,Manawatu-Whanganui,38
2024-02-11,Manawatu-Whanganui,39
2024-02-18,Manawatu-Whanganui,45
2024-02-25,Manawatu-Whanganui,47
2024-03-03,Manawatu-Whanganui,39
2024-03-10,Manawatu-Whanganui,30
2024-03-17,Manawatu-Whanganui,39
2021-06-06,Nelson,0
2021-06-13,Nelson,0
2021-06-20,Nelson,0
2021-06-27,Nelson,0
2021-07-04,Nelson,0
2021-07-11,Nelson,0
2021-07-18,Nelson,0
2021-07-25,Nelson,0
2021-08-01,Nelson,0
2021-08-08,Nelson,0
2021-08-15,Nelson,0
2021-08-22,Nelson,0
2021-08-29,Nelson,0
2021-09-05,Nelson,0
2021-09-12,Nelson,0
2021-09-19,Nelson,0
2021-09-26,Nelson,0
2021-10-03,Nelson,0
2021-10-10,Nelson,0
2021-10-17,Nelson,0
2021-10-24,Nelson,0
2021-10-31,Nelson,0
2021-11-07,Nelson,0
2021-11-14,Nelson,0
2021-11-21,Nelson,1
2021-11-28,Nelson,0
2021-12-05,Nelson,2
2021-12-12,Nelson,1
2021-12-19,Nelson,0
2021-12-26,Nelson,0
2022-01-02,Nelson,0
2022-01-09,Nelson,0
2022-01-16,Nelson,0
2022-01-23,Nelson,0
2022-01-30,Nelson,1
2022-02-06,Nelson,2
2022-02-13,Nelson,2
2022-02-20,Nelson,32
2022-02-27,Nelson,105
2022-03-06,Nelson,183
2022-03-13,Nelson,271
2022-03-20,Nelson,219
2022-03-27,Nelson,221
2022-04-03,Nelson,194
2022-04-10,Nelson,133
2022-04-17,Nelson,190
2022-04-24,Nelson,222
2022-05-01,Nelson,232
2022-05-08,Nelson,213
2022-05-15,Nelson,213
2022-05-22,Nelson,166
2022-05-29,Nelson,190
2022-06-05,Nelson,187
2022-06-12,Nelson,162
2022-06-19,Nelson,147
2022-06-26,Nelson,138
2022-07-03,Nelson,160
2022-07-10,Nelson,185
2022-07-17,Nelson,200
2022-07-24,Nelson,169
2022-07-31,Nelson,124
2022-08-07,Nelson,93
2022-08-14,Nelson,75
2022-08-21,Nelson,76
2022-08-28,Nelson,45
2022-09-04,Nelson,28
2022-09-11,Nelson,32
2022-09-18,Nelson,22
2022-09-25,Nelson,25
2022-10-02,Nelson,32
2022-10-09,Nelson,32
2022-10-16,Nelson,43
2022-10-23,Nelson,46
2022-10-30,Nelson,58
2022-11-06,Nelson,58
2022-11-13,Nelson,49
2022-11-20,Nelson,57
2022-11-27,Nelson,60
2022-12-04,Nelson,85
2022-12-11,Nelson,82
2022-12-18,Nelson,90
2022-12-25,Nelson,67
2023-01-01,Nelson,62
2023-01-08,Nelson,59
2023-01-15,Nelson,84
2023-01-22,Nelson,60
2023-01-29,Nelson,40
2023-02-05,Nelson,31
2023-02-12,Nelson,28
2023-02-19,Nelson,34
2023-02-26,Nelson,36
2023-03-05,Nelson,44
2023-03-12,Nelson,45
2023-03-19,Nelson,40
2023-03-26,Nelson,45
2023-04-02,Nelson,42
2023-04-09,Nelson,44
2023-04-16,Nelson,47
2023-04-23,Nelson,43
2023-04-30,Nelson,50
2023-05-07,Nelson,43
2023-05-14,Nelson,38
2023-05-21,Nelson,49
2023-05-28,Nelson,49
2023-06-04,Nelson,49
2023-06-11,Nelson,45
2023-06-18,Nelson,37
2023-06-25,Nelson,32
2023-07-02,Nelson,24
2023-07-09,Nelson,18
2023-07-16,Nelson,15
2023-07-23,Nelson,13
2023-07-30,Nelson,10
2023-08-06,Nelson,10
2023-08-13,Nelson,14
2023-08-20,Nelson,10
2023-08-27,Nelson,7
2023-09-03,Nelson,7
2023-09-10,Nelson,7
2023-09-17,Nelson,10
2023-09-24,Nelson,6
2023-10-01,Nelson,5
2023-10-08,Nelson,8
2023-10-15,Nelson,8
2023-10-22,Nelson,11
2023-10-29,Nelson,8
2023-11-05,Nelson,13
2023-11-12,Nelson,20
2023-11-19,Nelson,22
2023-11-26,Nelson,16
2023-12-03,Nelson,15
2023-12-10,Nelson,17
2023-12-17,Nelson,15
2023-12-24,Nelson,14
2023-12-31,Nelson,11
2024-01-07,Nelson,16
2024-01-14,Nelson,27
2024-01-21,Nelson,25
2024-01-28,Nelson,16
2024-02-04,Nelson,14
2024-02-11,Nelson,12
2024-02-18,Nelson,15
2024-02-25,Nelson,17
2024-03-03,Nelson,15
2024-03-10,Nelson,14
2024-03-17,Nelson,13
2021-06-06,Northland,0
2021-06-13,Northland,0
2021-06-20,Northland,0
2021-06-27,Northland,0
2021-07-04,Northland,0
2021-07-11,Northland,0
2021-07-18,Northland,0
2021-07-25,Northland,0
2021-08-01,Northland,0
2021-08-08,Northland,0
2021-08-15,Northland,0
2021-08-22,Northland,0
2021-08-29,Northland,0
2021-09-05,Northland,0
2021-09-12,Northland,0
2021-09-19,Northland,0
2021-09-26,Northland,0
2021-10-03,Northland,0
2021-10-10,Northland,0
2021-10-17,Northland,0
2021-10-24,Northland,2
2021-10-31,Northland,2
2021-11-07,Northland,2
2021-11-14,Northland,4
2021-11-21,Northland,3
2021-11-28,Northland,3
2021-12-05,Northland,2
2021-12-12,Northland,2
2021-12-19,Northland,2
2021-12-26,Northland,2
2022-01-02,Northland,4
2022-01-09,Northland,1
2022-01-16,Northland,1
2022-01-23,Northland,2
2022-01-30,Northland,2
2022-02-06,Northland,14
2022-02-13,Northland,13
2022-02-20,Northland,29
2022-02-27,Northland,125
2022-03-06,Northland,439
2022-03-13,Northland,633
2022-03-20,Northland,576
2022-03-27,Northland,575
2022-04-03,Northland,547
2022-04-10,Northland,494
2022-04-17,Northland,383
2022-04-24,Northland,340
2022-05-01,Northland,212
2022-05-08,Northland,196
2022-05-15,Northland,217
2022-05-22,Northland,212
2022-05-29,Northland,198
2022-06-05,Northland,159
2022-06-12,Northland,127
2022-06-19,Northland,117
2022-06-26,Northland,118
2022-07-03,Northland,141
2022-07-10,Northland,210
2022-07-17,Northland,216
2022-07-24,Northland,205
2022-07-31,Northland,185
2022-08-07,Northland,141
2022-08-14,Northland,138
2022-08-21,Northland,110
2022-08-28,Northland,68
2022-09-04,Northland,63
2022-09-11,Northland,54
2022-09-18,Northland,45
2022-09-25,Northland,62
2022-10-02,Northland,45
2022-10-09,Northland,41
2022-10-16,Northland,65
2022-10-23,Northland,85
2022-10-30,Northland,104
2022-11-06,Northland,107
2022-11-13,Northland,125
2022-11-20,Northland,121
2022-11-27,Northland,107
2022-12-04,Northland,121
2022-12-11,Northland,135
2022-12-18,Northland,171
2022-12-25,Northland,123
2023-01-01,Northland,102
2023-01-08,Northland,107
2023-01-15,Northland,102
2023-01-22,Northland,86
2023-01-29,Northland,61
2023-02-05,Northland,40
2023-02-12,Northland,39
2023-02-19,Northland,32
2023-02-26,Northland,38
2023-03-05,Northland,37
2023-03-12,Northland,35
2023-03-19,Northland,41
2023-03-26,Northland,39
2023-04-02,Northland,41
2023-04-09,Northland,44
2023-04-16,Northland,63
2023-04-23,Northland,53
2023-04-30,Northland,40
2023-05-07,Northland,52
2023-05-14,Northland,49
2023-05-21,Northland,61
2023-05-28,Northland,78
2023-06-04,Northland,56
2023-06-11,Northland,42
2023-06-18,Northland,34
2023-06-25,Northland,32
2023-07-02,Northland,19
2023-07-09,Northland,19
2023-07-16,Northland,14
2023-07-23,Northland,13
2023-07-30,Northland,21
2023-08-06,Northland,21
2023-08-13,Northland,21
2023-08-20,Northland,17
2023-08-27,Northland,13
2023-09-03,Northland,14
2023-09-10,Northland,16
2023-09-17,Northland,12
2023-09-24,Northland,12
2023-10-01,Northland,8
2023-10-08,Northland,12
2023-10-15,Northland,13
2023-10-22,Northland,15
2023-10-29,Northland,12
2023-11-05,Northland,18
2023-11-12,Northland,17
2023-11-19,Northland,26
2023-11-26,Northland,26
2023-12-03,Northland,21
2023-12-10,Northland,25
2023-12-17,Northland,27
2023-12-24,Northland,39
2023-12-31,Northland,26
2024-01-07,Northland,27
2024-01-14,Northland,26
2024-01-21,Northland,30
2024-01-28,Northland,34
2024-02-04,Northland,27
2024-02-11,Northland,29
2024-02-18,Northland,25
2024-02-25,Northland,22
2024-03-03,Northland,24
2024-03-10,Northland,19
2024-03-17,Northland,18
2021-06-06,Otago,0
2021-06-13,Otago,1
2021-06-20,Otago,0
2021-06-27,Otago,0
2021-07-04,Otago,0
2021-07-11,Otago,0
2021-07-18,Otago,0
2021-07-25,Otago,0
2021-08-01,Otago,0
2021-08-08,Otago,0
2021-08-15,Otago,0
2021-08-22,Otago,0
2021-08-29,Otago,0
2021-09-05,Otago,0
2021-09-12,Otago,0
2021-09-19,Otago,0
2021-09-26,Otago,0
2021-10-03,Otago,0
2021-10-10,Otago,0
2021-10-17,Otago,0
2021-10-24,Otago,0
2021-10-31,Otago,0
2021-11-07,Otago,0
2021-11-14,Otago,0
2021-11-21,Otago,0
2021-11-28,Otago,0
2021-12-05,Otago,0
2021-12-12,Otago,0
2021-12-19,Otago,0
2021-12-26,Otago,0
2022-01-02,Otago,0
2022-01-09,Otago,0
2022-01-16,Otago,1
2022-01-23,Otago,0
2022-01-30,Otago,0
2022-02-06,Otago,0
2022-02-13,Otago,8
2022-02-20,Otago,71
2022-02-27,Otago,449
2022-03-06,Otago,494
2022-03-13,Otago,700
2022-03-20,Otago,779
2022-03-27,Otago,822
2022-04-03,Otago,713
2022-04-10,Otago,717
2022-04-17,Otago,803
2022-04-24,Otago,901
2022-05-01,Otago,789
2022-05-08,Otago,672
2022-05-15,Otago,644
2022-05-22,Otago,472
2022-05-29,Otago,416
2022-06-05,Otago,402
2022-06-12,Otago,373
2022-06-19,Otago,357
2022-06-26,Otago,360
2022-07-03,Otago,546
2022-07-10,Otago,590
2022-07-17,Otago,747
2022-07-24,Otago,605
2022-07-31,Otago,442
2022-08-07,Otago,322
2022-08-14,Otago,227
2022-08-21,Otago,183
2022-08-28,Otago,116
2022-09-04,Otago,84
2022-09-11,Otago,62
2022-09-18,Otago,51
2022-09-25,Otago,49
2022-10-02,Otago,53
2022-10-09,Otago,56
2022-10-16,Otago,70
2022-10-23,Otago,88
2022-10-30,Otago,137
2022-11-06,Otago,180
2022-11-13,Otago,180
2022-11-20,Otago,185
2022-11-27,Otago,192
2022-12-04,Otago,238
2022-12-11,Otago,303
2022-12-18,Otago,294
2022-12-25,Otago,189
2023-01-01,Otago,127
2023-01-08,Otago,153
2023-01-15,Otago,121
2023-01-22,Otago,87
2023-01-29,Otago,71
2023-02-05,Otago,69
2023-02-12,Otago,58
2023-02-19,Otago,84
2023-02-26,Otago,108
2023-03-05,Otago,148
2023-03-12,Otago,140
2023-03-19,Otago,136
2023-03-26,Otago,136
2023-04-02,Otago,137
2023-04-09,Otago,145
2023-04-16,Otago,161
2023-04-23,Otago,125
2023-04-30,Otago,129
2023-05-07,Otago,117
2023-05-14,Otago,125
2023-05-21,Otago,126
2023-05-28,Otago,115
2023-06-04,Otago,103
2023-06-11,Otago,97
2023-06-18,Otago,75
2023-06-25,Otago,58
2023-07-02,Otago,46
2023-07-09,Otago,30
2023-07-16,Otago,30
2023-07-23,Otago,22
2023-07-30,Otago,25
2023-08-06,Otago,28
2023-08-13,Otago,35
2023-08-20,Otago,30
2023-08-27,Otago,22
2023-09-03,Otago,21
2023-09-10,Otago,23
2023-09-17,Otago,17
2023-09-24,Otago,23
2023-10-01,Otago,28
2023-10-08,Otago,33
2023-10-15,Otago,48
2023-10-22,Otago,52
2023-10-29,Otago,48
2023-11-05,Otago,59
2023-11-12,Otago,73
2023-11-19,Otago,65
2023-11-26,Otago,46
2023-12-03,Otago,38
2023-12-10,Otago,42
2023-12-17,Otago,50
2023-12-24,Otago,49
2023-12-31,Otago,38
2024-01-07,Otago,54
2024-01-14,Otago,60
2024-01-21,Otago,58
2024-01-28,Otago,44
2024-02-04,Otago,31
2024-02-11,Otago,35
2024-02-18,Otago,48
2024-02-25,Otago,52
2024-03-03,Otago,57
2024-03-10,Otago,43
2024-03-17,Otago,50
2021-06-06,Southland,0
2021-06-13,Southland,0
2021-06-20,Southland,0
2021-06-27,Southland,0
2021-07-04,Southland,0
2021-07-11,Southland,0
2021-07-18,Southland,0
2021-07-25,Southland,4
2021-08-01,Southland,0
2021-08-08,Southland,0
2021-08-15,Southland,0
2021-08-22,Southland,0
2021-08-29,Southland,0
2021-09-05,Southland,0
2021-09-12,Southland,0
2021-09-19,Southland,0
2021-09-26,Southland,0
2021-10-03,Southland,0
2021-10-10,Southland,0
2021-10-17,Southland,0
2021-10-24,Southland,0
2021-10-31,Southland,0
2021-11-07,Southland,0
2021-11-14,Southland,0
2021-11-21,Southland,0
2021-11-28,Southland,0
2021-12-05,Southland,0
2021-12-12,Southland,1
2021-12-19,Southland,0
2021-12-26,Southland,0
2022-01-02,Southland,0
2022-01-09,Southland,0
2022-01-16,Southland,0
2022-01-23,Southland,0
2022-01-30,Southland,0
2022-02-06,Southland,0
2022-02-13,Southland,2
2022-02-20,Southland,4
2022-02-27,Southland,24
2022-03-06,Southland,53
2022-03-13,Southland,136
2022-03-20,Southland,298
2022-03-27,Southland,404
2022-04-03,Southland,415
2022-04-10,Southland,396
2022-04-17,Southland,158
2022-04-24,Southland,123
2022-05-01,Southland,105
2022-05-08,Southland,85
2022-05-15,Southland,64
2022-05-22,Southland,103
2022-05-29,Southland,76
2022-06-05,Southland,85
2022-06-12,Southland,90
2022-06-19,Southland,69
2022-06-26,Southland,58
2022-07-03,Southland,92
2022-07-10,Southland,116
2022-07-17,Southland,114
2022-07-24,Southland,135
2022-07-31,Southland,121
2022-08-07,Southland,103
2022-08-14,Southland,63
2022-08-21,Southland,45
2022-08-28,Southland,34
2022-09-04,Southland,25
2022-09-11,Southland,14
2022-09-18,Southland,12
2022-09-25,Southland,15
2022-10-02,Southland,12
2022-10-09,Southland,15
2022-10-16,Southland,23
2022-10-23,Southland,37
2022-10-30,Southland,39
2022-11-06,Southland,41
2022-11-13,Southland,46
2022-11-20,Southland,58
2022-11-27,Southland,59
2022-12-04,Southland,82
2022-12-11,Southland,103
2022-12-18,Southland,105
2022-12-25,Southland,82
2023-01-01,Southland,57
2023-01-08,Southland,47
2023-01-15,Southland,31
2023-01-22,Southland,18
2023-01-29,Southland,19
2023-02-05,Southland,15
2023-02-12,Southland,17
2023-02-19,Southland,23
2023-02-26,Southland,24
2023-03-05,Southland,27
2023-03-12,Southland,36
2023-03-19,Southland,36
2023-03-26,Southland,37
2023-04-02,Southland,35
2023-04-09,Southland,42
2023-04-16,Southland,44
2023-04-23,Southland,42
2023-04-30,Southland,30
2023-05-07,Southland,29
2023-05-14,Southland,33
2023-05-21,Southland,34
2023-05-28,Southland,37
2023-06-04,Southland,33
2023-06-11,Southland,19
2023-06-18,Southland,14
2023-06-25,Southland,11
2023-07-02,Southland,10
2023-07-09,Southland,9
2023-07-16,Southland,6
2023-07-23,Southland,8
2023-07-30,Southland,8
2023-08-06,Southland,8
2023-08-13,Southland,9
2023-08-20,Southland,6
2023-08-27,Southland,7
2023-09-03,Southland,9
2023-09-10,Southland,11
2023-09-17,Southland,10
2023-09-24,Southland,4
2023-10-01,Southland,4
2023-10-08,Southland,7
2023-10-15,Southland,7
2023-10-22,Southland,6
2023-10-29,Southland,8
2023-11-05,Southland,13
2023-11-12,Southland,13
2023-11-19,Southland,14
2023-11-26,Southland,10
2023-12-03,Southland,12
2023-12-10,Southland,14
2023-12-17,Southland,15
2023-12-24,Southland,12
2023-12-31,Southland,9
2024-01-07,Southland,11
2024-01-14,Southland,15
2024-01-21,Southland,15
2024-01-28,Southland,11
2024-02-04,Southland,12
2024-02-11,Southland,19
2024-02-18,Southland,17
2024-02-25,Southland,14
2024-03-03,Southland,13
2024-03-10,Southland,14
2024-03-17,Southland,8
2021-06-06,Taranaki,0
2021-06-13,Taranaki,0
2021-06-20,Taranaki,0
2021-06-27,Taranaki,0
2021-07-04,Taranaki,0
2021-07-11,Taranaki,0
2021-07-18,Taranaki,0
2021-07-25,Taranaki,0
2021-08-01,Taranaki,0
2021-08-08,Taranaki,0
2021-08-15,Taranaki,0
2021-08-22,Taranaki,0
2021-08-29,Taranaki,0
2021-09-05,Taranaki,0
2021-09-12,Taranaki,0
2021-09-19,Taranaki,0
2021-09-26,Taranaki,0
2021-10-03,Taranaki,0
2021-10-10,Taranaki,0
2021-10-17,Taranaki,0
2021-10-24,Taranaki,0
2021-10-31,Taranaki,0
2021-11-07,Taranaki,0
2021-11-14,Taranaki,6
2021-11-21,Taranaki,0
2021-11-28,Taranaki,0
2021-12-05,Taranaki,1
2021-12-12,Taranaki,1
2021-12-19,Taranaki,5
2021-12-26,Taranaki,1
2022-01-02,Taranaki,0
2022-01-09,Taranaki,1
2022-01-16,Taranaki,0
2022-01-23,Taranaki,0
2022-01-30,Taranaki,1
2022-02-06,Taranaki,2
2022-02-13,Taranaki,2
2022-02-20,Taranaki,6
2022-02-27,Taranaki,50
2022-03-06,Taranaki,250
2022-03-13,Taranaki,467
2022-03-20,Taranaki,536
2022-03-27,Taranaki,580
2022-04-03,Taranaki,517
2022-04-10,Taranaki,356
2022-04-17,Taranaki,260
2022-04-24,Taranaki,253
2022-05-01,Taranaki,201
2022-05-08,Taranaki,200
2022-05-15,Taranaki,207
2022-05-22,Taranaki,224
2022-05-29,Taranaki,207
2022-06-05,Taranaki,175
2022-06-12,Taranaki,167
2022-06-19,Taranaki,147
2022-06-26,Taranaki,137
2022-07-03,Taranaki,186
2022-07-10,Taranaki,206
2022-07-17,Taranaki,207
2022-07-24,Taranaki,216
2022-07-31,Taranaki,190
2022-08-07,Taranaki,135
2022-08-14,Taranaki,108
2022-08-21,Taranaki,109
2022-08-28,Taranaki,67
2022-09-04,Taranaki,53
2022-09-11,Taranaki,40
2022-09-18,Taranaki,32
2022-09-25,Taranaki,27
2022-10-02,Taranaki,34
2022-10-09,Taranaki,36
2022-10-16,Taranaki,44
2022-10-23,Taranaki,54
2022-10-30,Taranaki,57
2022-11-06,Taranaki,53
2022-11-13,Taranaki,47
2022-11-20,Taranaki,71
2022-11-27,Taranaki,60
2022-12-04,Taranaki,79
2022-12-11,Taranaki,101
2022-12-18,Taranaki,115
2022-12-25,Taranaki,99
2023-01-01,Taranaki,74
2023-01-08,Taranaki,72
2023-01-15,Taranaki,74
2023-01-22,Taranaki,56
2023-01-29,Taranaki,52
2023-02-05,Taranaki,45
2023-02-12,Taranaki,35
2023-02-19,Taranaki,32
2023-02-26,Taranaki,24
2023-03-05,Taranaki,29
2023-03-12,Taranaki,30
2023-03-19,Taranaki,40
2023-03-26,Taranaki,39
2023-04-02,Taranaki,50
2023-04-09,Taranaki,46
2023-04-16,Taranaki,58
2023-04-23,Taranaki,43
2023-04-30,Taranaki,40
2023-05-07,Taranaki,40
2023-05-14,Taranaki,35
2023-05-21,Taranaki,51
2023-05-28,Taranaki,56
2023-06-04,Taranaki,62
2023-06-11,Taranaki,45
2023-06-18,Taranaki,41
2023-06-25,Taranaki,34
2023-07-02,Taranaki,37
2023-07-09,Taranaki,32
2023-07-16,Taranaki,23
2023-07-23,Taranaki,15
2023-07-30,Taranaki,16
2023-08-06,Taranaki,19
2023-08-13,Taranaki,28
2023-08-20,Taranaki,17
2023-08-27,Taranaki,14
2023-09-03,Taranaki,13
2023-09-10,Taranaki,10
2023-09-17,Taranaki,9
2023-09-24,Taranaki,7
2023-10-01,Taranaki,8
2023-10-08,Taranaki,10
2023-10-15,Taranaki,10
2023-10-22,Taranaki,12
2023-10-29,Taranaki,12
2023-11-05,Taranaki,13
2023-11-12,Taranaki,13
2023-11-19,Taranaki,16
2023-11-26,Taranaki,13
2023-12-03,Taranaki,15
2023-12-10,Taranaki,19
2023-12-17,Taranaki,18
2023-12-24,Taranaki,12
2023-12-31,Taranaki,10
2024-01-07,Taranaki,13
2024-01-14,Taranaki,16
2024-01-21,Taranaki,16
2024-01-28,Taranaki,17
2024-02-04,Taranaki,15
2024-02-11,Taranaki,17
2024-02-18,Taranaki,22
2024-02-25,Taranaki,18
2024-03-03,Taranaki,18
2024-03-10,Taranaki,18
2024-03-17,Taranaki,17
2021-06-06,Tasman,0
2021-06-13,Tasman,0
2021-06-20,Tasman,0
2021-06-27,Tasman,0
2021-07-04,Tasman,0
2021-07-11,Tasman,0
2021-07-18,Tasman,0
2021-07-25,Tasman,0
2021-08-01,Tasman,0
2021-08-08,Tasman,0
2021-08-15,Tasman,0
2021-08-22,Tasman,0
2021-08-29,Tasman,0
2021-09-05,Tasman,0
2021-09-12,Tasman,0
2021-09-19,Tasman,0
2021-09-26,Tasman,0
2021-10-03,Tasman,0
2021-10-10,Tasman,0
2021-10-17,Tasman,0
2021-10-24,Tasman,0
2021-10-31,Tasman,0
2021-11-07,Tasman,0
2021-11-14,Tasman,0
2021-11-21,Tasman,0
2021-11-28,Tasman,0
2021-12-05,Tasman,2
2021-12-12,Tasman,2
2021-12-19,Tasman,0
2021-12-26,Tasman,0
2022-01-02,Tasman,0
2022-01-09,Tasman,0
2022-01-16,Tasman,0
2022-01-23,Tasman,3
2022-01-30,Tasman,2
2022-02-06,Tasman,1
2022-02-13,Tasman,1
2022-02-20,Tasman,2
2022-02-27,Tasman,10
2022-03-06,Tasman,50
2022-03-13,Tasman,92
2022-03-20,Tasman,122
2022-03-27,Tasman,180
2022-04-03,Tasman,193
2022-04-10,Tasman,123
2022-04-17,Tasman,43
2022-04-24,Tasman,34
2022-05-01,Tasman,32
2022-05-08,Tasman,32
2022-05-15,Tasman,23
2022-05-22,Tasman,31
2022-05-29,Tasman,43
2022-06-05,Tasman,34
2022-06-12,Tasman,34
2022-06-19,Tasman,30
2022-06-26,Tasman,33
2022-07-03,Tasman,31
2022-07-10,Tasman,37
2022-07-17,Tasman,32
2022-07-24,Tasman,27
2022-07-31,Tasman,25
2022-08-07,Tasman,20
2022-08-14,Tasman,14
2022-08-21,Tasman,13
2022-08-28,Tasman,10
2022-09-04,Tasman,6
2022-09-11,Tasman,5
2022-09-18,Tasman,5
2022-09-25,Tasman,6
2022-10-02,Tasman,5
2022-10-09,Tasman,6
2022-10-16,Tasman,11
2022-10-23,Tasman,11
2022-10-30,Tasman,11
2022-11-06,Tasman,12
2022-11-13,Tasman,11
2022-11-20,Tasman,12
2022-11-27,Tasman,7
2022-12-04,Tasman,14
2022-12-11,Tasman,14
2022-12-18,Tasman,18
2022-12-25,Tasman,14
2023-01-01,Tasman,9
2023-01-08,Tasman,9
2023-01-15,Tasman,13
2023-01-22,Tasman,11
2023-01-29,Tasman,4
2023-02-05,Tasman,5
2023-02-12,Tasman,4
2023-02-19,Tasman,5
2023-02-26,Tasman,8
2023-03-05,Tasman,8
2023-03-12,Tasman,8
2023-03-19,Tasman,8
2023-03-26,Tasman,5
2023-04-02,Tasman,9
2023-04-09,Tasman,7
2023-04-16,Tasman,8
2023-04-23,Tasman,10
2023-04-30,Tasman,6
2023-05-07,Tasman,10
2023-05-14,Tasman,8
2023-05-21,Tasman,7
2023-05-28,Tasman,7
2023-06-04,Tasman,8
2023-06-11,Tasman,9
2023-06-18,Tasman,7
2023-06-25,Tasman,6
2023-07-02,Tasman,3
2023-07-09,Tasman,2
2023-07-16,Tasman,4
2023-07-23,Tasman,2
2023-07-30,Tasman,2
2023-08-06,Tasman,2
2023-08-13,Tasman,3
2023-08-20,Tasman,2
2023-08-27,Tasman,2
2023-09-03,Tasman,2
2023-09-10,Tasman,2
2023-09-17,Tasman,2
2023-09-24,Tasman,2
2023-10-01,Tasman,2
2023-10-08,Tasman,3
2023-10-15,Tasman,2
2023-10-22,Tasman,2
2023-10-29,Tasman,2
2023-11-05,Tasman,3
2023-11-12,Tasman,2
2023-11-19,Tasman,4
2023-11-26,Tasman,3
2023-12-03,Tasman,3
2023-12-10,Tasman,2
2023-12-17,Tasman,3
2023-12-24,Tasman,3
2023-12-31,Tasman,2
2024-01-07,Tasman,3
2024-01-14,Tasman,4
2024-01-21,Tasman,4
2024-01-28,Tasman,2
2024-02-04,Tasman,4
2024-02-11,Tasman,5
2024-02-18,Tasman,2
2024-02-25,Tasman,3
2024-03-03,Tasman,2
2024-03-10,Tasman,2
2024-03-17,Tasman,2
2021-06-06,West Coast,0
2021-06-13,West Coast,0
2021-06-20,West Coast,0
2021-06-27,West Coast,0
2021-07-04,West Coast,0
2021-07-11,West Coast,0
2021-07-18,West Coast,0
2021-07-25,West Coast,0
2021-08-01,West Coast,0
2021-08-08,West Coast,0
2021-08-15,West Coast,0
2021-08-22,West Coast,0
2021-08-29,West Coast,0
2021-09-05,West Coast,0
2021-09-12,West Coast,0
2021-09-19,West Coast,0
2021-09-26,West Coast,0
2021-10-03,West Coast,0
2021-10-10,West Coast,0
2021-10-17,West Coast,0
2021-10-24,West Coast,0
2021-10-31,West Coast,0
2021-11-07,West Coast,0
2021-11-14,West Coast,0
2021-11-21,West Coast,0
2021-11-28,West Coast,0
2021-12-05,West Coast,0
2021-12-12,West Coast,0
2021-12-19,West Coast,0
2021-12-26,West Coast,0
2022-01-02,West Coast,0
2022-01-09,West Coast,0
2022-01-16,West Coast,1
2022-01-23,West Coast,1
2022-01-30,West Coast,0
2022-02-06,West Coast,0
2022-02-13,West Coast,0
2022-02-20,West Coast,0
2022-02-27,West Coast,4
2022-03-06,West Coast,14
2022-03-13,West Coast,22
2022-03-20,West Coast,39
2022-03-27,West Coast,50
2022-04-03,West Coast,67
2022-04-10,West Coast,84
2022-04-17,West Coast,82
2022-04-24,West Coast,99
2022-05-01,West Coast,88
2022-05-08,West Coast,66
2022-05-15,West Coast,69
2022-05-22,West Coast,73
2022-05-29,West Coast,76
2022-06-05,West Coast,68
2022-06-12,West Coast,60
2022-06-19,West Coast,35
2022-06-26,West Coast,43
2022-07-03,West Coast,57
2022-07-10,West Coast,55
2022-07-17,West Coast,55
2022-07-24,West Coast,46
2022-07-31,West Coast,50
2022-08-07,West Coast,42
2022-08-14,West Coast,36
2022-08-21,West Coast,25
2022-08-28,West Coast,15
2022-09-04,West Coast,11
2022-09-11,West Coast,8
2022-09-18,West Coast,6
2022-09-25,West Coast,12
2022-10-02,West Coast,9
2022-10-09,West Coast,8
2022-10-16,West Coast,15
2022-10-23,West Coast,14
2022-10-30,West Coast,26
2022-11-06,West Coast,27
2022-11-13,West Coast,23
2022-11-20,West Coast,22
2022-11-27,West Coast,20
2022-12-04,West Coast,23
2022-12-11,West Coast,17
2022-12-18,West Coast,16
2022-12-25,West Coast,17
2023-01-01,West Coast,13
2023-01-08,West Coast,14
2023-01-15,West Coast,15
2023-01-22,West Coast,14
2023-01-29,West Coast,9
2023-02-05,West Coast,12
2023-02-12,West Coast,12
2023-02-19,West Coast,11
2023-02-26,West Coast,10
2023-03-05,West Coast,18
2023-03-12,West Coast,15
2023-03-19,West Coast,21
2023-03-26,West Coast,19
2023-04-02,West Coast,23
2023-04-09,West Coast,17
2023-04-16,West Coast,16
2023-04-23,West Coast,15
2023-04-30,West Coast,11
2023-05-07,West Coast,17
2023-05-14,West Coast,12
2023-05-21,West Coast,11
2023-05-28,West Coast,9
2023-06-04,West Coast,7
2023-06-11,West Coast,10
2023-06-18,West Coast,11
2023-06-25,West Coast,8
2023-07-02,West Coast,7
2023-07-09,West Coast,4
2023-07-16,West Coast,4
2023-07-23,West Coast,3
2023-07-30,West Coast,1
2023-08-06,West Coast,3
2023-08-13,West Coast,3
2023-08-20,West Coast,2
2023-08-27,West Coast,2
2023-09-03,West Coast,3
2023-09-10,West Coast,2
2023-09-17,West Coast,4
2023-09-24,West Coast,2
2023-10-01,West Coast,4
2023-10-08,West Coast,5
2023-10-15,West Coast,3
2023-10-22,West Coast,3
2023-10-29,West Coast,4
2023-11-05,West Coast,3
2023-11-12,West Coast,5
2023-11-19,West Coast,5
2023-11-26,West Coast,6
2023-12-03,West Coast,6
2023-12-10,West Coast,5
2023-12-17,West Coast,3
2023-12-24,West Coast,4
2023-12-31,West Coast,6
2024-01-07,West Coast,4
2024-01-14,West Coast,4
2024-01-21,West Coast,6
2024-01-28,West Coast,4
2024-02-04,West Coast,3
2024-02-11,West Coast,4
2024-02-18,West Coast,4
2024-02-25,West Coast,5
2024-03-03,West Coast,3
2024-03-10,West Coast,3
2024-03-17,West Coast,3
2021-06-06,Wellington,0
2021-06-13,Wellington,0
2021-06-20,Wellington,0
2021-06-27,Wellington,0
2021-07-04,Wellington,0
2021-07-11,Wellington,2
2021-07-18,Wellington,8
2021-07-25,Wellington,0
2021-08-01,Wellington,0
2021-08-08,Wellington,0
2021-08-15,Wellington,0
2021-08-22,Wellington,4
2021-08-29,Wellington,1
2021-09-05,Wellington,1
2021-09-12,Wellington,0
2021-09-19,Wellington,0
2021-09-26,Wellington,0
2021-10-03,Wellington,1
2021-10-10,Wellington,1
2021-10-17,Wellington,0
2021-10-24,Wellington,0
2021-10-31,Wellington,0
2021-11-07,Wellington,2
2021-11-14,Wellington,0
2021-11-21,Wellington,1
2021-11-28,Wellington,1
2021-12-05,Wellington,1
2021-12-12,Wellington,0
2021-12-19,Wellington,1
2021-12-26,Wellington,1
2022-01-02,Wellington,1
2022-01-09,Wellington,2
2022-01-16,Wellington,2
2022-01-23,Wellington,1
2022-01-30,Wellington,4
2022-02-06,Wellington,3
2022-02-13,Wellington,14
2022-02-20,Wellington,66
2022-02-27,Wellington,493
2022-03-06,Wellington,2010
2022-03-13,Wellington,2787
2022-03-20,Wellington,2132
2022-03-27,Wellington,1892
2022-04-03,Wellington,1569
2022-04-10,Wellington,1176
2022-04-17,Wellington,912
2022-04-24,Wellington,875
2022-05-01,Wellington,787
2022-05-08,Wellington,842
2022-05-15,Wellington,815
2022-05-22,Wellington,807
2022-05-29,Wellington,826
2022-06-05,Wellington,875
2022-06-12,Wellington,906
2022-06-19,Wellington,699
2022-06-26,Wellington,764
2022-07-03,Wellington,997
2022-07-10,Wellington,1250
2022-07-17,Wellington,1232
2022-07-24,Wellington,1163
2022-07-31,Wellington,902
2022-08-07,Wellington,622
2022-08-14,Wellington,406
2022-08-21,Wellington,344
2022-08-28,Wellington,230
2022-09-04,Wellington,194
2022-09-11,Wellington,155
2022-09-18,Wellington,137
2022-09-25,Wellington,153
2022-10-02,Wellington,156
2022-10-09,Wellington,211
2022-10-16,Wellington,327
2022-10-23,Wellington,350
2022-10-30,Wellington,416
2022-11-06,Wellington,426
2022-11-13,Wellington,412
2022-11-20,Wellington,434
2022-11-27,Wellington,453
2022-12-04,Wellington,592
2022-12-11,Wellington,661
2022-12-18,Wellington,738
2022-12-25,Wellington,562
2023-01-01,Wellington,354
2023-01-08,Wellington,319
2023-01-15,Wellington,273
2023-01-22,Wellington,200
2023-01-29,Wellington,150
2023-02-05,Wellington,141
2023-02-12,Wellington,131
2023-02-19,Wellington,132
2023-02-26,Wellington,167
2023-03-05,Wellington,196
2023-03-12,Wellington,181
2023-03-19,Wellington,166
2023-03-26,Wellington,173
2023-04-02,Wellington,193
2023-04-09,Wellington,198
2023-04-16,Wellington,210
2023-04-23,Wellington,163
2023-04-30,Wellington,142
2023-05-07,Wellington,179
2023-05-14,Wellington,170
2023-05-21,Wellington,187
2023-05-28,Wellington,200
2023-06-04,Wellington,183
2023-06-11,Wellington,147
2023-06-18,Wellington,119
2023-06-25,Wellington,106
2023-07-02,Wellington,104
2023-07-09,Wellington,99
2023-07-16,Wellington,79
2023-07-23,Wellington,63
2023-07-30,Wellington,56
2023-08-06,Wellington,77
2023-08-13,Wellington,94
2023-08-20,Wellington,79
2023-08-27,Wellington,63
2023-09-03,Wellington,70
2023-09-10,Wellington,66
2023-09-17,Wellington,57
2023-09-24,Wellington,52
2023-10-01,Wellington,48
2023-10-08,Wellington,69
2023-10-15,Wellington,60
2023-10-22,Wellington,75
2023-10-29,Wellington,75
2023-11-05,Wellington,90
2023-11-12,Wellington,114
2023-11-19,Wellington,150
2023-11-26,Wellington,127
2023-12-03,Wellington,114
2023-12-10,Wellington,122
2023-12-17,Wellington,146
2023-12-24,Wellington,160
2023-12-31,Wellington,147
2024-01-07,Wellington,145
2024-01-14,Wellington,183
2024-01-21,Wellington,122
2024-01-28,Wellington,101
2024-02-04,Wellington,110
2024-02-11,Wellington,103
2024-02-18,Wellington,116
2024-02-25,Wellington,107
2024-03-03,Wellington,119
2024-03-10,Wellington,120
2024-03-17,Wellington,114
2021-06-06,Waikato,0
2021-06-13,Waikato,0
2021-06-20,Waikato,0
2021-06-27,Waikato,1
2021-07-04,Waikato,1
2021-07-11,Waikato,1
2021-07-18,Waikato,1
2021-07-25,Waikato,0
2021-08-01,Waikato,1
2021-08-08,Waikato,0
2021-08-15,Waikato,0
2021-08-22,Waikato,0
2021-08-29,Waikato,1
2021-09-05,Waikato,0
2021-09-12,Waikato,0
2021-09-19,Waikato,0
2021-09-26,Waikato,0
2021-10-03,Waikato,2
2021-10-10,Waikato,4
2021-10-17,Waikato,3
2021-10-24,Waikato,6
2021-10-31,Waikato,5
2021-11-07,Waikato,6
2021-11-14,Waikato,13
2021-11-21,Waikato,17
2021-11-28,Waikato,14
2021-12-05,Waikato,12
2021-12-12,Waikato,9
2021-12-19,Waikato,8
2021-12-26,Waikato,7
2022-01-02,Waikato,8
2022-01-09,Waikato,3
2022-01-16,Waikato,2
2022-01-23,Waikato,2
2022-01-30,Waikato,10
2022-02-06,Waikato,29
2022-02-13,Waikato,57
2022-02-20,Waikato,141
2022-02-27,Waikato,913
2022-03-06,Waikato,1801
2022-03-13,Waikato,1960
2022-03-20,Waikato,1778
2022-03-27,Waikato,1570
2022-04-03,Waikato,1269
2022-04-10,Waikato,928
2022-04-17,Waikato,651
2022-04-24,Waikato,616
2022-05-01,Waikato,487
2022-05-08,Waikato,473
2022-05-15,Waikato,582
2022-05-22,Waikato,617
2022-05-29,Waikato,541
2022-06-05,Waikato,519
2022-06-12,Waikato,438
2022-06-19,Waikato,349
2022-06-26,Waikato,322
2022-07-03,Waikato,461
2022-07-10,Waikato,610
2022-07-17,Waikato,684
2022-07-24,Waikato,619
2022-07-31,Waikato,581
2022-08-07,Waikato,468
2022-08-14,Waikato,400
2022-08-21,Waikato,358
2022-08-28,Waikato,226
2022-09-04,Waikato,159
2022-09-11,Waikato,139
2022-09-18,Waikato,125
2022-09-25,Waikato,139
2022-10-02,Waikato,126
2022-10-09,Waikato,141
2022-10-16,Waikato,144
2022-10-23,Waikato,176
2022-10-30,Waikato,212
2022-11-06,Waikato,230
2022-11-13,Waikato,250
2022-11-20,Waikato,275
2022-11-27,Waikato,329
2022-12-04,Waikato,391
2022-12-11,Waikato,437
2022-12-18,Waikato,466
2022-12-25,Waikato,386
2023-01-01,Waikato,296
2023-01-08,Waikato,267
2023-01-15,Waikato,226
2023-01-22,Waikato,159
2023-01-29,Waikato,127
2023-02-05,Waikato,108
2023-02-12,Waikato,110
2023-02-19,Waikato,102
2023-02-26,Waikato,93
2023-03-05,Waikato,100
2023-03-12,Waikato,107
2023-03-19,Waikato,99
2023-03-26,Waikato,112
2023-04-02,Waikato,130
2023-04-09,Waikato,127
2023-04-16,Waikato,180
2023-04-23,Waikato,143
2023-04-30,Waikato,126
2023-05-07,Waikato,141
2023-05-14,Waikato,131
2023-05-21,Waikato,167
2023-05-28,Waikato,191
2023-06-04,Waikato,164
2023-06-11,Waikato,138
2023-06-18,Waikato,120
2023-06-25,Waikato,137
2023-07-02,Waikato,123
2023-07-09,Waikato,83
2023-07-16,Waikato,74
2023-07-23,Waikato,52
2023-07-30,Waikato,51
2023-08-06,Waikato,67
2023-08-13,Waikato,71
2023-08-20,Waikato,46
2023-08-27,Waikato,44
2023-09-03,Waikato,40
2023-09-10,Waikato,33
2023-09-17,Waikato,32
2023-09-24,Waikato,31
2023-10-01,Waikato,29
2023-10-08,Waikato,35
2023-10-15,Waikato,36
2023-10-22,Waikato,40
2023-10-29,Waikato,39
2023-11-05,Waikato,48
2023-11-12,Waikato,54
2023-11-19,Waikato,74
2023-11-26,Waikato,65
2023-12-03,Waikato,69
2023-12-10,Waikato,68
2023-12-17,Waikato,76
2023-12-24,Waikato,83
2023-12-31,Waikato,87
2024-01-07,Waikato,78
2024-01-14,Waikato,89
2024-01-21,Waikato,77
2024-01-28,Waikato,63
2024-02-04,Waikato,67
2024-02-11,Waikato,71
2024-02-18,Waikato,70
2024-02-25,Waikato,72
2024-03-03,Waikato,64
2024-03-10,Waikato,59
2024-03-17,Waikato,52
